{
  "configVersion": 1,
  "timestamp": 1753687989940,
  "index": "/index.html",
  "assetGroups": [
    {
      "name": "app",
      "installMode": "prefetch",
      "updateMode": "prefetch",
      "cacheQueryOptions": {
        "ignoreVary": true
      },
      "urls": [
        "/chunk-3J7GGTVR.js",
        "/chunk-3PXEOZNP.js",
        "/chunk-6VWV7NJR.js",
        "/chunk-APTPG53V.js",
        "/chunk-EEDYPVYP.js",
        "/chunk-ESAWM37L.js",
        "/chunk-EZ4MB5JR.js",
        "/chunk-FJXHYOGL.js",
        "/chunk-FK6H3RFT.js",
        "/chunk-JR45QQQE.js",
        "/chunk-MVB7U576.js",
        "/chunk-RA2WU32H.js",
        "/chunk-USGWMXIJ.js",
        "/favicon.ico",
        "/index.html",
        "/main-46ZCED4Y.js",
        "/manifest.webmanifest",
        "/polyfills-B6TNHZQ6.js",
        "/styles-TKH4IF6R.css"
      ],
      "patterns": []
    },
    {
      "name": "assets",
      "installMode": "lazy",
      "updateMode": "prefetch",
      "cacheQueryOptions": {
        "ignoreVary": true
      },
      "urls": [
        "/icons/favicon.png",
        "/icons/icon-128x128.png",
        "/icons/icon-144x144.png",
        "/icons/icon-152x152.png",
        "/icons/icon-16x16.png",
        "/icons/icon-192x192.png",
        "/icons/icon-32x32.png",
        "/icons/icon-384x384.png",
        "/icons/icon-512x512.png",
        "/icons/icon-72x72.png",
        "/icons/icon-96x96.png",
        "/logo-company.jpg",
        "/logo.jpg"
      ],
      "patterns": []
    }
  ],
  "dataGroups": [],
  "hashTable": {
    "/chunk-3J7GGTVR.js": "545e5e4869351fc01305dea9c510add0044ebd80",
    "/chunk-3PXEOZNP.js": "fad2ea290844702da469ca3d04f24f8650205f31",
    "/chunk-6VWV7NJR.js": "3f99ecc24921de7a3e6319563dbb325326de8e62",
    "/chunk-APTPG53V.js": "eb1a0dc6824bd93978bf55389e05534e9f35a1b2",
    "/chunk-EEDYPVYP.js": "63bdae9308ce819a95b4fd461ac9566486ba2158",
    "/chunk-ESAWM37L.js": "d6a99f2657d4bf54275944635ad9b4288d918428",
    "/chunk-EZ4MB5JR.js": "0a1889313331f053fe764a5937e1df11bcbb43fc",
    "/chunk-FJXHYOGL.js": "7253ebfa109ea671d8a53b184a53255705b88094",
    "/chunk-FK6H3RFT.js": "3c538698719f1cf34410542b8c702bc484e025ee",
    "/chunk-JR45QQQE.js": "f0ccf13d74ff606becde8f442ba84801ac7fb7d5",
    "/chunk-MVB7U576.js": "e03e6e27873c8f0e0d866a22df28070de950389b",
    "/chunk-RA2WU32H.js": "d8cc5080234ada339f2afe6c79d959ad16d3958a",
    "/chunk-USGWMXIJ.js": "1238fd79d272741f72eaf4ce1111c5e80829dcb9",
    "/favicon.ico": "9c39f434fe1261f68c5e3eefdf734630d99c5670",
    "/icons/favicon.png": "ac67f99007cca3c9798ab12f130fdcca251a511e",
    "/icons/icon-128x128.png": "f912963bdc6d5a38d8f1dd0afbaab2ce8d657acb",
    "/icons/icon-144x144.png": "b155fd5f2fd5d2ea7760721063003c4cd95fd783",
    "/icons/icon-152x152.png": "eae6e0f0c8afb8aaae339e2a569b43e9238e5e6c",
    "/icons/icon-16x16.png": "626fbdef99fd3b99109a9fa5b921674718da4a73",
    "/icons/icon-192x192.png": "15c4180454633880d98674aa7394656196c91584",
    "/icons/icon-32x32.png": "626fbdef99fd3b99109a9fa5b921674718da4a73",
    "/icons/icon-384x384.png": "94a915751ef6c9282df9aea405ad679230631814",
    "/icons/icon-512x512.png": "1de182f76f7329dfa8f9fcdd1fdcdd695bea6a99",
    "/icons/icon-72x72.png": "aa88a6096bd973be7f6d7a5489bfa6bc2463f8c4",
    "/icons/icon-96x96.png": "7fb8f59c30ce2ff12c700321a0b39e14b3dc8f95",
    "/index.html": "038cd13cc050d289868e4a253995a5ec9cef6968",
    "/logo-company.jpg": "626fbdef99fd3b99109a9fa5b921674718da4a73",
    "/logo.jpg": "626fbdef99fd3b99109a9fa5b921674718da4a73",
    "/main-46ZCED4Y.js": "9848387273f910977954fe71836d07908e09fb0c",
    "/manifest.webmanifest": "49e6953fc6214c700efb6340027c8ec91c43faa3",
    "/polyfills-B6TNHZQ6.js": "bf76ac291d7f51c1139b7edcf86b359a30c08c64",
    "/styles-TKH4IF6R.css": "4dc165fa99356c0563b9c8fda781d8c74c4e8d76"
  },
  "navigationUrls": [
    {
      "positive": true,
      "regex": "^\\/.*$"
    },
    {
      "positive": false,
      "regex": "^\\/(?:.+\\/)?[^/]*\\.[^/]*$"
    },
    {
      "positive": false,
      "regex": "^\\/(?:.+\\/)?[^/]*__[^/]*$"
    },
    {
      "positive": false,
      "regex": "^\\/(?:.+\\/)?[^/]*__[^/]*\\/.*$"
    }
  ],
  "navigationRequestStrategy": "performance"
}